UDPRN,UPRN,POSTCODE,STREET_DESCRIPTION,x,y,lat,lng,addr_date
10314712,10090973062,GU31 4AW,READON CLOSE,475167.46875,123746.5703125,51.00819778442383,-0.9299615025520325,2012-03-19
10314713,10090973064,GU31 4AW,READON CLOSE,475167.46875,123746.5703125,51.00819778442383,-0.9299615025520325,2012-03-19
10314714,10090973065,GU31 4AW,READON CLOSE,475167.46875,123746.5703125,51.00819778442383,-0.9299615025520325,2012-03-19
10314715,10090973066,GU31 4AW,READON CLOSE,475167.46875,123746.5703125,51.00819778442383,-0.9299615025520325,2012-03-19
10314716,10090973068,GU31 4AW,READON CLOSE,475167.46875,123746.5703125,51.00819778442383,-0.9299615025520325,2012-03-19
10314717,10090973071,GU31 4AW,READON CLOSE,475167.46875,123746.5703125,51.00819778442383,-0.9299615025520325,2012-03-19
10314718,10090973073,GU31 4AW,READON CLOSE,475167.46875,123746.5703125,51.00819778442383,-0.9299615025520325,2012-03-19
10314719,10090973074,GU31 4AW,READON CLOSE,475167.46875,123746.5703125,51.00819778442383,-0.9299615025520325,2012-03-19
10314720,10090973076,GU31 4AW,READON CLOSE,475167.46875,123746.5703125,51.00819778442383,-0.9299615025520325,2012-03-19
10315241,10094118970,GU31 4DZ,HEATH ROAD,474998.0,123264.0,51.00387954711914,-0.9324759840965271,2012-03-19
10320717,10032907207,GU32 2AB,SANDRINGHAM ROAD,474737.5625,123880.3671875,51.009456634521484,-0.9360603094100952,2012-03-14
10324327,10032907652,GU32 3NR,RAMSDEAN LANE,472794.3125,121303.796875,50.98653793334961,-0.9642704725265503,2012-03-19
52050539,10032905229,GU31 4LN,THE CAUSEWAY,474201.9375,122444.171875,50.996612548828125,-0.9439867734909058,2012-03-19
52050540,10032905231,GU31 4LN,THE CAUSEWAY,474201.9375,122444.171875,50.996612548828125,-0.9439867734909058,2012-03-19
52050541,10032905232,GU31 4LN,THE CAUSEWAY,474201.9375,122444.171875,50.996612548828125,-0.9439867734909058,2012-03-19
52050542,10032905233,GU31 4LN,THE CAUSEWAY,474201.9375,122444.171875,50.996612548828125,-0.9439867734909058,2012-03-19
52102157,10032907633,GU32 3DY,CHAPEL STREET,474604.71875,123468.8984375,51.00577163696289,-0.9380378723144531,2012-03-19
52682908,10032907165,GU32 3FF,SWAN STREET,474538.8125,123309.96875,51.00435256958008,-0.9390097856521606,2012-02-13
52682909,10032907166,GU32 3FF,SWAN STREET,474538.8125,123309.96875,51.00435256958008,-0.9390097856521606,2012-02-13
52682910,10032907167,GU32 3FF,SWAN STREET,474538.8125,123309.96875,51.00435256958008,-0.9390097856521606,2012-02-13
52682911,10032907168,GU32 3FF,SWAN STREET,474538.8125,123309.96875,51.00435256958008,-0.9390097856521606,2012-02-13
52682912,10032907169,GU32 3FF,SWAN STREET,474538.8125,123309.96875,51.00435256958008,-0.9390097856521606,2012-02-14
52682913,10032907170,GU32 3FF,SWAN STREET,474538.8125,123309.96875,51.00435256958008,-0.9390097856521606,2012-02-14
52682914,10032907171,GU32 3FF,SWAN STREET,474538.8125,123309.96875,51.00435256958008,-0.9390097856521606,2012-02-14
52682915,10032907172,GU32 3FF,SWAN STREET,474538.8125,123309.96875,51.00435256958008,-0.9390097856521606,2012-02-14
52682916,10032907173,GU32 3FF,SWAN STREET,474538.8125,123309.96875,51.00435256958008,-0.9390097856521606,2012-02-14
52682917,10032907175,GU32 3FF,SWAN STREET,474538.8125,123309.96875,51.00435256958008,-0.9390097856521606,2012-02-14
52682918,10032907177,GU32 3FF,SWAN STREET,474538.8125,123309.96875,51.00435256958008,-0.9390097856521606,2012-02-14
52682919,10032907178,GU32 3FF,SWAN STREET,474538.8125,123309.96875,51.00435256958008,-0.9390097856521606,2012-02-14
52682920,10032907179,GU32 3FF,SWAN STREET,474538.8125,123309.96875,51.00435256958008,-0.9390097856521606,2012-02-14
52682921,10032907180,GU32 3FF,SWAN STREET,474538.8125,123309.96875,51.00435256958008,-0.9390097856521606,2012-02-14
52728015,10032907830,GU32 3AD,SWAN STREET,474555.40625,123281.3984375,51.004093170166016,-0.9387792944908142,2012-04-23
52747971,10032907557,GU31 4FG,MERRITTS MEADOW,474902.84375,123754.7578125,51.008304595947266,-0.9337307810783386,2012-07-17
52747972,10032907558,GU31 4FG,MERRITTS MEADOW,474902.84375,123754.7578125,51.008304595947266,-0.9337307810783386,2012-07-17
52747973,10032907559,GU31 4FG,MERRITTS MEADOW,474902.84375,123754.7578125,51.008304595947266,-0.9337307810783386,2012-07-17
52747974,10032907560,GU31 4FG,MERRITTS MEADOW,474902.84375,123754.7578125,51.008304595947266,-0.9337307810783386,2012-07-17
52747975,10032907561,GU31 4FG,MERRITTS MEADOW,474902.84375,123754.7578125,51.008304595947266,-0.9337307810783386,2012-07-17
52747976,10032907562,GU31 4FG,MERRITTS MEADOW,474902.84375,123754.7578125,51.008304595947266,-0.9337307810783386,2012-07-17
52747977,10032907563,GU31 4FG,MERRITTS MEADOW,474902.84375,123754.7578125,51.008304595947266,-0.9337307810783386,2012-07-17
52747978,10032907564,GU31 4FG,MERRITTS MEADOW,474902.84375,123754.7578125,51.008304595947266,-0.9337307810783386,2012-07-17
52747979,10032907565,GU31 4FG,MERRITTS MEADOW,474902.84375,123754.7578125,51.008304595947266,-0.9337307810783386,2012-07-17
52747980,10032907566,GU31 4FG,MERRITTS MEADOW,474890.65625,123760.796875,51.00836181640625,-0.9339032173156738,2012-07-17
52747981,10032907567,GU31 4FG,MERRITTS MEADOW,474883.96875,123764.3671875,51.008392333984375,-0.9339976906776428,2012-07-17
52747982,10032907568,GU31 4FG,MERRITTS MEADOW,474879.78125,123767.453125,51.0084228515625,-0.9340568780899048,2012-07-17
52747983,10032907569,GU31 4FG,MERRITTS MEADOW,474874.84375,123773.2421875,51.00847244262695,-0.9341263175010681,2012-07-17
52747984,10032907570,GU31 4FG,MERRITTS MEADOW,474868.34375,123777.9921875,51.00851821899414,-0.9342175722122192,2012-07-17
52788890,10032907249,GU32 3JL,HIGH STREET,474827.6875,123263.390625,51.0038948059082,-0.9349030256271362,2012-05-08
52935707,10090971848,GU32 3HX,ST PETERS ROAD,474673.0,123209.0,51.00342559814453,-0.937118411064148,2013-02-25
52935708,10090971849,GU32 3HX,ST PETERS ROAD,474673.0,123209.0,51.00342559814453,-0.937118411064148,2013-02-27
52991112,10090971632,GU32 3JT,HIGH STREET,474714.28125,123247.3828125,51.00376510620117,-0.9365223050117493,2013-01-03
53092253,10090972059,GU32 3LF,BOROUGH ROAD,474149.96875,123171.6015625,51.00315856933594,-0.944579005241394,2013-04-16
53092255,10090972060,GU32 3LF,BOROUGH ROAD,474127.3125,123167.90625,51.00312805175781,-0.9449027180671692,2013-04-16
53313235,10090972563,GU32 3NH,PADDOCK WAY,473826.0625,122614.8515625,50.99819564819336,-0.9493077993392944,2013-10-30
53313236,10090972564,GU32 3NH,PADDOCK WAY,473814.875,122613.4765625,50.99818420410156,-0.9494671821594238,2013-10-30
53317152,10090972580,GU31 4FH,COLLEGE STREET,474868.125,123367.8125,51.00482940673828,-0.9343050718307495,2013-11-05
53317153,10090972581,GU31 4FH,COLLEGE STREET,474870.03125,123371.7890625,51.00486373901367,-0.9342772960662842,2013-11-05
53317154,10090972582,GU31 4FH,COLLEGE STREET,474869.3125,123377.640625,51.00491714477539,-0.9342864751815796,2013-11-05
53317155,10090972583,GU31 4FH,COLLEGE STREET,474871.78125,123382.2890625,51.00495910644531,-0.9342501163482666,2013-11-05
53317156,10090972584,GU31 4FH,COLLEGE STREET,474878.84375,123386.6796875,51.00499725341797,-0.9341486096382141,2013-11-05
53317157,10090972585,GU31 4FH,COLLEGE STREET,474874.6875,123397.03125,51.00509262084961,-0.9342058897018433,2013-11-05
53317158,10090972586,GU31 4FH,COLLEGE STREET,474860.09375,123400.7421875,51.005126953125,-0.9344130158424377,2013-11-05
53317159,10090972587,GU31 4FH,COLLEGE STREET,474852.59375,123397.171875,51.005096435546875,-0.9345204830169678,2013-11-05
53395354,10090973077,GU31 4AW,READON CLOSE,475167.46875,123746.5703125,51.00819778442383,-0.9299615025520325,2014-01-22
53439471,10090973586,GU32 2ES,RUSHES FARM,474101.59375,123832.546875,51.00910568237305,-0.945133626461029,2014-07-01
53565115,10090973534,GU32 3DP,CHAPEL STREET,474530.40625,123387.4921875,51.00505065917969,-0.9391137957572937,2014-06-19
53565116,10090973535,GU32 3DP,CHAPEL STREET,474530.40625,123387.4921875,51.00505065917969,-0.9391137957572937,2014-06-19
53565117,10090973536,GU32 3DP,CHAPEL STREET,474529.65625,123375.546875,51.00494384765625,-0.9391266703605652,2014-06-19
53565118,10090973537,GU32 3DP,CHAPEL STREET,474529.65625,123375.546875,51.00494384765625,-0.9391266703605652,2014-06-19
53565119,10090973538,GU32 3DP,CHAPEL STREET,474529.65625,123375.546875,51.00494384765625,-0.9391266703605652,2014-06-19
53565120,10090973539,GU32 3DP,CHAPEL STREET,474529.65625,123375.546875,51.00494384765625,-0.9391266703605652,2014-06-19
53565121,10090973540,GU32 3DP,CHAPEL STREET,474540.15625,123373.3203125,51.004920959472656,-0.9389774799346924,2014-06-19
53565122,10090973541,GU32 3DP,CHAPEL STREET,474540.15625,123373.3203125,51.004920959472656,-0.9389774799346924,2014-06-19
53625697,10090973942,GU31 4FL,LEACHMAN WAY,474326.21875,122444.3515625,50.99659729003906,-0.9422159790992737,2014-11-04
53625699,10090973941,GU31 4FL,LEACHMAN WAY,474310.53125,122432.078125,50.996490478515625,-0.9424421787261963,2014-11-04
53625700,10090973961,GU31 4FL,LEACHMAN WAY,474301.5,122399.8671875,50.99620056152344,-0.942577600479126,2014-11-10
53625701,10090973943,GU31 4FL,LEACHMAN WAY,474323.71875,122402.6796875,50.99622344970703,-0.942260205745697,2014-11-04
53625702,10090973962,GU31 4FL,LEACHMAN WAY,474303.34375,122395.171875,50.996158599853516,-0.9425520896911621,2014-11-10
53625703,10090973944,GU31 4FL,LEACHMAN WAY,474334.96875,122411.578125,50.996299743652344,-0.942098081111908,2014-11-04
53625704,10090973963,GU31 4FL,LEACHMAN WAY,474312.59375,122367.8125,50.99591064453125,-0.9424259066581726,2014-11-10
53625705,10090973945,GU31 4FL,LEACHMAN WAY,474343.15625,122416.7890625,50.99634552001953,-0.9419804811477661,2014-11-04
53625706,10090973964,GU31 4FL,LEACHMAN WAY,474314.6875,122354.78125,50.995792388916016,-0.9423987865447998,2014-11-10
53625707,10090973946,GU31 4FL,LEACHMAN WAY,474350.4375,122426.7109375,50.996437072753906,-0.9418746829032898,2014-11-04
53625708,10090973965,GU31 4FL,LEACHMAN WAY,474321.28125,122344.3984375,50.99570083618164,-0.9423069953918457,2014-11-10
53625709,10090973966,GU31 4FL,LEACHMAN WAY,474330.875,122337.84375,50.99563980102539,-0.9421716928482056,2014-11-10
53625710,10090973947,GU31 4FL,LEACHMAN WAY,474363.25,122407.71875,50.99626159667969,-0.9416961073875427,2014-11-04
53625711,10090973968,GU31 4FL,LEACHMAN WAY,474334.96875,122334.59375,50.995609283447266,-0.9421138763427734,2014-11-10
53625712,10090973948,GU31 4FL,LEACHMAN WAY,474354.03125,122364.71875,50.99587631225586,-0.941836416721344,2014-11-04
53625713,10090973969,GU31 4FL,LEACHMAN WAY,474343.40625,122327.640625,50.99554443359375,-0.9419950842857361,2014-11-10
53625714,10090973949,GU31 4FL,LEACHMAN WAY,474350.71875,122361.7890625,50.995849609375,-0.9418841004371643,2014-11-04
53625715,10090973970,GU31 4FL,LEACHMAN WAY,474347.59375,122324.453125,50.99551773071289,-0.941936194896698,2014-11-10
53625716,10090973950,GU31 4FL,LEACHMAN WAY,474347.15625,122358.8671875,50.995826721191406,-0.9419354796409607,2014-11-04
53625717,10090973971,GU31 4FL,LEACHMAN WAY,474368.21875,122313.328125,50.99541473388672,-0.9416447281837463,2014-11-10
53625718,10090973951,GU31 4FL,LEACHMAN WAY,474362.59375,122342.1171875,50.99567413330078,-0.9417189955711365,2014-11-04
53625719,10090973972,GU31 4FL,LEACHMAN WAY,474364.4375,122309.859375,50.995384216308594,-0.9416993260383606,2014-11-10
53625720,10090973952,GU31 4FL,LEACHMAN WAY,474379.03125,122327.3203125,50.99553680419922,-0.9414876103401184,2014-11-04
53625769,10090973932,GU31 4FN,REEVES DRIVE,474292.40625,122420.90625,50.99639129638672,-0.9427027106285095,2014-11-04
53625770,10090973934,GU31 4FN,REEVES DRIVE,474278.65625,122410.75,50.996299743652344,-0.9429007172584534,2014-11-04
53625771,10090973935,GU31 4FN,REEVES DRIVE,474269.53125,122405.421875,50.996253967285156,-0.9430317282676697,2014-11-04
53625772,10090973936,GU31 4FN,REEVES DRIVE,474259.15625,122398.1171875,50.99618911743164,-0.9431809186935425,2014-11-04
53625773,10090973937,GU31 4FN,REEVES DRIVE,474250.1875,122392.5078125,50.99613952636719,-0.943310022354126,2014-11-04
53625774,10090973938,GU31 4FN,REEVES DRIVE,474237.46875,122384.1875,50.99606704711914,-0.9434928297996521,2014-11-04
53625775,10090973939,GU31 4FN,REEVES DRIVE,474225.90625,122376.75,50.996002197265625,-0.9436591267585754,2014-11-04
53625794,10090974004,GU31 4FP,WHITTINGTON ROAD,474291.5,122355.1796875,50.99580001831055,-0.9427291750907898,2014-11-10
53625795,10090973990,GU31 4FP,WHITTINGTON ROAD,474305.9375,122386.40625,50.99607849121094,-0.9425168037414551,2014-11-10
53625796,10090974005,GU31 4FP,WHITTINGTON ROAD,474287.875,122350.828125,50.99576187133789,-0.9427815079689026,2014-11-10
53625797,10090973991,GU31 4FP,WHITTINGTON ROAD,474283.25,122389.953125,50.99611282348633,-0.942839503288269,2014-11-10
53625798,10090974006,GU31 4FP,WHITTINGTON ROAD,474278.6875,122340.9296875,50.99567413330078,-0.9429144859313965,2014-11-10
53625799,10090973992,GU31 4FP,WHITTINGTON ROAD,474277.03125,122374.2734375,50.9959716796875,-0.9429312944412231,2014-11-10
53625800,10090974007,GU31 4FP,WHITTINGTON ROAD,474299.1875,122324.2578125,50.995521545410156,-0.9426259994506836,2014-11-10
53625801,10090973993,GU31 4FP,WHITTINGTON ROAD,474273.875,122370.453125,50.995941162109375,-0.9429770708084106,2014-11-10
53625802,10090974008,GU31 4FP,WHITTINGTON ROAD,474310.21875,122315.28125,50.99543762207031,-0.942470371723175,2014-11-10
53625803,10090973994,GU31 4FP,WHITTINGTON ROAD,474270.375,122366.5234375,50.99590301513672,-0.9430277943611145,2014-11-10
53625804,10090974009,GU31 4FP,WHITTINGTON ROAD,474327.3125,122300.5625,50.995304107666016,-0.942230224609375,2014-11-10
53625805,10090973995,GU31 4FP,WHITTINGTON ROAD,474258.90625,122359.75,50.995845794677734,-0.9431926012039185,2014-11-10
53625806,10090973996,GU31 4FP,WHITTINGTON ROAD,474241.875,122351.2890625,50.99576950073242,-0.9434369206428528,2014-11-10
53625807,10090974010,GU31 4FP,WHITTINGTON ROAD,474346.84375,122284.8515625,50.99515914916992,-0.9419549107551575,2014-11-10
53625808,10090973997,GU31 4FP,WHITTINGTON ROAD,474256.53125,122332.078125,50.99559783935547,-0.9432318806648254,2014-11-10
53625809,10090974011,GU31 4FP,WHITTINGTON ROAD,474351.15625,122289.4921875,50.995201110839844,-0.9418926239013672,2014-11-10
53625810,10090973998,GU31 4FP,WHITTINGTON ROAD,474264.84375,122325.40625,50.99553680419922,-0.9431149959564209,2014-11-10
53625811,10090974012,GU31 4FP,WHITTINGTON ROAD,474354.125,122293.140625,50.995235443115234,-0.9418497085571289,2014-11-10
53625812,10090973999,GU31 4FP,WHITTINGTON ROAD,474274.8125,122317.0078125,50.995460510253906,-0.9429748058319092,2014-11-10
53625813,10090974013,GU31 4FP,WHITTINGTON ROAD,474357.25,122296.953125,50.99526596069336,-0.9418041706085205,2014-11-10
53625814,10090974000,GU31 4FP,WHITTINGTON ROAD,474280.6875,122312.15625,50.99541473388672,-0.9428918957710266,2014-11-10
53625815,10090974014,GU31 4FP,WHITTINGTON ROAD,474360.53125,122300.7734375,50.99530029296875,-0.9417567849159241,2014-11-10
53625816,10090974001,GU31 4FP,WHITTINGTON ROAD,474291.75,122303.171875,50.995330810546875,-0.9427363276481628,2014-11-10
53625817,10090974002,GU31 4FP,WHITTINGTON ROAD,474305.8125,122292.21875,50.99523162841797,-0.9425382018089294,2014-11-10
53625818,10090974003,GU31 4FP,WHITTINGTON ROAD,474318.125,122282.359375,50.995140075683594,-0.942364513874054,2014-11-10
53625919,10090973967,GU31 4FQ,CROCKFORD DRIVE,474378.78125,122327.3515625,50.99553680419922,-0.941491425037384,2014-11-10
53625920,10090973974,GU31 4FQ,CROCKFORD DRIVE,474392.6875,122343.1484375,50.99567794799805,-0.9412897229194641,2014-11-10
53625921,10090973975,GU31 4FQ,CROCKFORD DRIVE,474401.625,122358.078125,50.995811462402344,-0.9411593079566956,2014-11-10
53625922,10090973976,GU31 4FQ,CROCKFORD DRIVE,474378.3125,122364.03125,50.99586868286133,-0.9414905905723572,2014-11-10
53625923,10090973977,GU31 4FQ,CROCKFORD DRIVE,474359.6875,122371.2109375,50.995933532714844,-0.9417542815208435,2014-11-10
53625924,10090973978,GU31 4FQ,CROCKFORD DRIVE,474363.4375,122374.6484375,50.99596405029297,-0.941700279712677,2014-11-10
53625925,10090973979,GU31 4FQ,CROCKFORD DRIVE,474367.09375,122377.7578125,50.995994567871094,-0.9416474103927612,2014-11-10
53625926,10090973980,GU31 4FQ,CROCKFORD DRIVE,474370.3125,122380.703125,50.99601745605469,-0.9416009187698364,2014-11-10
53625927,10090973981,GU31 4FQ,CROCKFORD DRIVE,474368.625,122402.328125,50.996212005615234,-0.941620409488678,2014-11-10
53625928,10090973982,GU31 4FQ,CROCKFORD DRIVE,474372.03125,122399.453125,50.99618911743164,-0.9415727257728577,2014-11-10
53625929,10090973983,GU31 4FQ,CROCKFORD DRIVE,474375.6875,122396.4609375,50.996158599853516,-0.9415211081504822,2014-11-10
53625930,10090973984,GU31 4FQ,CROCKFORD DRIVE,474379.21875,122393.4296875,50.996131896972656,-0.94147127866745,2014-11-10
53625931,10090973985,GU31 4FQ,CROCKFORD DRIVE,474401.5625,122379.9765625,50.996009826660156,-0.9411557912826538,2014-11-10
53625932,10090973986,GU31 4FQ,CROCKFORD DRIVE,474405.75,122377.0,50.99597930908203,-0.9410969018936157,2014-11-10
53625933,10090973987,GU31 4FQ,CROCKFORD DRIVE,474415.59375,122371.1796875,50.99592590332031,-0.9409577250480652,2014-11-10
53625934,10090973988,GU31 4FQ,CROCKFORD DRIVE,474420.40625,122367.9375,50.99589920043945,-0.9408897161483765,2014-11-10
53647740,10090973739,GU32 2HN,HIGHFIELD ROAD,474592.96875,124007.421875,51.010616302490234,-0.938095211982727,2014-09-11
53647741,10090973740,GU32 2HN,HIGHFIELD ROAD,474599.90625,124011.1171875,51.01064682006836,-0.9379954934120178,2014-09-11
53647742,10090973741,GU32 2HN,HIGHFIELD ROAD,474605.625,124014.40625,51.010677337646484,-0.937913179397583,2014-09-11
53651924,10090974093,GU32 2BF,HIGHFIELD ROAD,474650.0,123925.3515625,51.00987243652344,-0.9372990727424622,2015-01-14
53651925,10090974094,GU32 2BF,HIGHFIELD ROAD,474644.5,123917.8125,51.009803771972656,-0.9373791813850403,2015-01-14
53651926,10090974095,GU32 2BF,HIGHFIELD ROAD,474660.1875,123891.1875,51.00956344604492,-0.9371609091758728,2015-01-14
53651927,10090974096,GU32 2BF,HIGHFIELD ROAD,474663.28125,123894.546875,51.00959014892578,-0.9371162056922913,2015-01-14
53651928,10090974097,GU32 2BF,HIGHFIELD ROAD,474674.125,123894.65625,51.00959014892578,-0.9369614124298096,2015-01-14
53658044,10090973744,GU32 3JL,HIGH STREET,474814.25,123261.1328125,51.003875732421875,-0.9350950121879578,2014-09-17
53658045,10090973745,GU32 3JL,HIGH STREET,474813.4375,123271.796875,51.00397491455078,-0.9351041913032532,2014-09-17
53658046,10090973746,GU32 3JL,HIGH STREET,474814.25,123261.1328125,51.003875732421875,-0.9350950121879578,2014-09-17
53658047,10090973747,GU32 3JL,HIGH STREET,474813.4375,123271.796875,51.00397491455078,-0.9351043105125427,2014-09-17
53705951,10090973953,GU32 3DP,CHAPEL STREET,474559.15625,123333.4375,51.00456237792969,-0.9387149810791016,2014-11-06
53705952,10090973954,GU32 3DP,CHAPEL STREET,474552.78125,123333.6875,51.00456237792969,-0.9388059973716736,2014-11-06
53705953,10090973955,GU32 3DP,CHAPEL STREET,474566.15625,123333.34375,51.00455856323242,-0.9386152029037476,2014-11-06
53761448,10090974072,GU31 5RS,NORTH LANE,474335.0,120395.0,50.97816848754883,-0.9425095915794373,2015-01-06
53761449,10090974073,GU31 5RS,NORTH LANE,474339.0,120396.0,50.978179931640625,-0.9424524903297424,2015-01-06
53761450,10090974074,GU31 5RS,NORTH LANE,474344.0,120396.0,50.978179931640625,-0.9423813223838806,2015-01-06
53761451,10090974075,GU31 5RS,NORTH LANE,474349.0,120395.0,50.97816848754883,-0.9423102736473083,2015-01-06
53811170,10090974148,GU32 3DT,CHAPEL STREET,474604.09375,123375.7265625,51.00493621826172,-0.9380661845207214,2015-02-18
53811171,10090974149,GU32 3DT,CHAPEL STREET,474604.09375,123375.7265625,51.00493621826172,-0.9380661845207214,2015-02-18
53811172,10090974150,GU32 3DT,CHAPEL STREET,474604.09375,123375.7265625,51.00493621826172,-0.9380661845207214,2015-02-18
53811173,10090974151,GU32 3DT,CHAPEL STREET,474604.09375,123375.7265625,51.00493621826172,-0.9380661845207214,2015-02-18
53811174,10090974152,GU32 3DT,CHAPEL STREET,474604.09375,123375.7265625,51.00493621826172,-0.9380661845207214,2015-02-18
54027274,10090974378,GU32 3EL,LAVANT STREET,474532.625,123457.4296875,51.005680084228516,-0.9390679001808167,2015-08-24
54027275,10090974379,GU32 3EL,LAVANT STREET,474535.09375,123454.3828125,51.00564956665039,-0.9390333294868469,2015-08-24
54027276,10090974380,GU32 3EL,LAVANT STREET,474535.09375,123454.3828125,51.00564956665039,-0.9390333294868469,2015-08-24
54027277,10090974381,GU32 3EL,LAVANT STREET,474535.09375,123454.3828125,51.00564956665039,-0.9390333294868469,2015-08-24
54027278,10090974382,GU32 3EL,LAVANT STREET,474532.625,123454.3828125,51.00564956665039,-0.9390684962272644,2015-08-24
54027279,10090974383,GU32 3EL,LAVANT STREET,474532.625,123457.4296875,51.005680084228516,-0.9390679001808167,2015-08-24
54344641,10090975224,GU32 3LS,LARCOMBE ROAD,473973.40625,122449.6484375,50.99668884277344,-0.9472416043281555,2016-10-19
54344642,10090975225,GU32 3LS,LARCOMBE ROAD,473976.78125,122447.578125,50.99666976928711,-0.9471942186355591,2016-10-19
54344643,10090975226,GU32 3LS,LARCOMBE ROAD,473996.65625,122437.0,50.99657440185547,-0.9469128847122192,2016-10-19
54344644,10090975227,GU32 3LS,LARCOMBE ROAD,473991.34375,122430.3203125,50.99651336669922,-0.9469900727272034,2016-10-19
54344645,10090975228,GU32 3LS,LARCOMBE ROAD,473982.84375,122420.2109375,50.99642562866211,-0.9471132755279541,2016-10-19
54344646,10090975229,GU32 3LS,LARCOMBE ROAD,473978.71875,122410.296875,50.996334075927734,-0.9471743106842041,2016-10-19
54344647,10090975230,GU32 3LS,LARCOMBE ROAD,473984.75,122466.6484375,50.99684143066406,-0.9470769166946411,2016-10-19
54344648,10090975231,GU32 3LS,LARCOMBE ROAD,473989.84375,122463.6015625,50.9968147277832,-0.9470046758651733,2016-10-19
54344649,10090975232,GU32 3LS,LARCOMBE ROAD,474002.90625,122454.859375,50.996734619140625,-0.9468204975128174,2016-10-19
54344650,10090975233,GU32 3LS,LARCOMBE ROAD,474015.5625,122445.9609375,50.99665069580078,-0.9466418027877808,2016-10-19
54344651,10090975234,GU32 3LS,LARCOMBE ROAD,473977.9375,122387.0234375,50.99612808227539,-0.94718998670578,2016-10-19
54344652,10090975235,GU32 3LS,LARCOMBE ROAD,473971.875,122390.140625,50.99615478515625,-0.9472755193710327,2016-10-19
54344664,10090975236,GU32 3FL,REED WAY,473916.6875,122502.6171875,50.99717330932617,-0.9480389952659607,2016-10-19
54344665,10090975237,GU32 3FL,REED WAY,473896.96875,122508.3515625,50.99722671508789,-0.9483188986778259,2016-10-19
54344666,10090975238,GU32 3FL,REED WAY,473886.46875,122510.5703125,50.997249603271484,-0.9484680891036987,2016-10-19
54344667,10090975255,GU32 3FL,REED WAY,473924.75,122481.3515625,50.99698257446289,-0.9479286074638367,2016-10-26
54344668,10090975256,GU32 3FL,REED WAY,473907.25,122483.7578125,50.997005462646484,-0.9481775760650635,2016-10-26
54344669,10090975257,GU32 3FL,REED WAY,473893.1875,122488.2734375,50.997047424316406,-0.9483770132064819,2016-10-26
54344670,10090975258,GU32 3FL,REED WAY,473891.96875,122467.921875,50.996864318847656,-0.9483984112739563,2016-10-26
54344671,10090975259,GU32 3FL,REED WAY,473890.6875,122462.0,50.99681091308594,-0.9484180212020874,2016-10-26
54344672,10090975260,GU32 3FL,REED WAY,473881.9375,122454.5,50.99674606323242,-0.9485440254211426,2016-10-26
54344674,10090975261,GU32 3FL,REED WAY,473880.375,122436.859375,50.996585845947266,-0.9485697746276855,2016-10-26
54344675,10090975262,GU32 3FL,REED WAY,473871.78125,122417.84375,50.99641799926758,-0.9486961960792542,2016-10-26
54344676,10090975263,GU32 3FL,REED WAY,473874.5625,122407.703125,50.9963264465332,-0.94865882396698,2016-10-26
54344677,10090975264,GU32 3FL,REED WAY,473873.78125,122401.5078125,50.99626922607422,-0.9486712217330933,2016-10-26
54344678,10090975265,GU32 3FL,REED WAY,473867.6875,122393.0,50.996192932128906,-0.9487593770027161,2016-10-26
54344679,10090975266,GU32 3FL,REED WAY,473863.34375,122376.15625,50.99604415893555,-0.9488248229026794,2016-10-26
54344688,10090975289,GU32 3FN,OTTER WALK,473934.75,122472.3671875,50.99689865112305,-0.9477878212928772,2016-11-02
54344689,10090975290,GU32 3FN,OTTER WALK,473925.90625,122455.8125,50.99674987792969,-0.9479172825813293,2016-11-02
54344690,10090975291,GU32 3FN,OTTER WALK,473924.125,122451.8671875,50.9967155456543,-0.9479436874389648,2016-11-02
54344691,10090975292,GU32 3FN,OTTER WALK,473921.65625,122448.109375,50.996681213378906,-0.9479793906211853,2016-11-02
54344692,10090975293,GU32 3FN,OTTER WALK,473919.28125,122441.4921875,50.99662399291992,-0.9480147957801819,2016-11-02
54344693,10090975294,GU32 3FN,OTTER WALK,473917.25,122435.9765625,50.99657440185547,-0.94804447889328,2016-11-02
54344694,10090975295,GU32 3FN,OTTER WALK,473915.25,122430.453125,50.996524810791016,-0.9480742812156677,2016-11-02
54344695,10090975296,GU32 3FN,OTTER WALK,473905.09375,122407.1171875,50.996315002441406,-0.948223888874054,2016-11-02
54344696,10090975297,GU32 3FN,OTTER WALK,473903.1875,122401.5078125,50.99626541137695,-0.9482519030570984,2016-11-02
54344697,10090975298,GU32 3FN,OTTER WALK,473901.3125,122394.7109375,50.9962043762207,-0.9482802152633667,2016-11-02
54344698,10090975299,GU32 3FN,OTTER WALK,473899.875,122390.78125,50.99617004394531,-0.9483016133308411,2016-11-02
54344699,10090975300,GU32 3FN,OTTER WALK,473898.34375,122386.7890625,50.99613571166992,-0.9483240842819214,2016-11-02
54344700,10090975301,GU32 3FN,OTTER WALK,473884.9375,122358.5,50.995880126953125,-0.9485206007957458,2016-11-02
54344701,10090975302,GU32 3FN,OTTER WALK,473884.90625,122358.578125,50.99588394165039,-0.9485210180282593,2016-11-02
54344702,10090975303,GU32 3FN,OTTER WALK,473884.84375,122358.5,50.995880126953125,-0.9485222101211548,2016-11-02
54344703,10090975304,GU32 3FN,OTTER WALK,473884.875,122358.53125,50.99588394165039,-0.9485216736793518,2016-11-02
54344704,10090975305,GU32 3FN,OTTER WALK,473884.875,122358.546875,50.99588394165039,-0.9485214948654175,2016-11-02
54344705,10090975306,GU32 3FN,OTTER WALK,473884.96875,122358.53125,50.99588394165039,-0.948520302772522,2016-11-02
54344706,10090975307,GU32 3FN,OTTER WALK,473859.71875,122361.9765625,50.99591827392578,-0.9488791823387146,2016-11-02
54344707,10090975308,GU32 3FN,OTTER WALK,473963.5625,122453.4296875,50.996726989746094,-0.947381317615509,2016-11-02
54344708,10090975309,GU32 3FN,OTTER WALK,473955.65625,122438.25,50.99658966064453,-0.9474971294403076,2016-11-02
54344709,10090975310,GU32 3FN,OTTER WALK,473953.21875,122434.59375,50.99655532836914,-0.9475322961807251,2016-11-02
54344710,10090975311,GU32 3FN,OTTER WALK,473951.125,122427.53125,50.99649429321289,-0.9475640058517456,2016-11-02
54344711,10090975312,GU32 3FN,OTTER WALK,473949.5,122421.9765625,50.99644470214844,-0.9475882053375244,2016-11-02
54344712,10090975313,GU32 3FN,OTTER WALK,473953.71875,122397.8828125,50.9962272644043,-0.9475330114364624,2016-11-02
54344713,10090975314,GU32 3FN,OTTER WALK,473950.78125,122393.03125,50.996185302734375,-0.9475756287574768,2016-11-02
54344714,10090975315,GU32 3FN,OTTER WALK,473947.375,122387.9921875,50.99613952636719,-0.9476252794265747,2016-11-02
54344715,10090975316,GU32 3FN,OTTER WALK,473942.625,122377.5625,50.99604415893555,-0.9476947784423828,2016-11-02
54344716,10090975317,GU32 3FN,OTTER WALK,473940.71875,122374.046875,50.99601364135742,-0.9477226734161377,2016-11-02
54344717,10090975318,GU32 3FN,OTTER WALK,473929.28125,122358.7890625,50.995880126953125,-0.9478887915611267,2016-11-02
54344718,10090975319,GU32 3FN,OTTER WALK,473933.65625,122356.2734375,50.99585723876953,-0.9478269219398499,2016-11-02
54344719,10090975320,GU32 3FN,OTTER WALK,473942.9375,122351.4921875,50.995811462402344,-0.947695791721344,2016-11-02
54344720,10090975321,GU32 3FN,OTTER WALK,473947.78125,122348.6015625,50.995784759521484,-0.9476273059844971,2016-11-02
54344721,10090975322,GU32 3FN,OTTER WALK,473936.5,122328.859375,50.995609283447266,-0.9477919936180115,2016-11-02
54344722,10090975323,GU32 3FN,OTTER WALK,473931.53125,122331.6875,50.995635986328125,-0.9478626251220703,2016-11-02
54344723,10090975324,GU32 3FN,OTTER WALK,473919.96875,122331.3984375,50.99563217163086,-0.9480270147323608,2016-11-02
54344724,10090975325,GU32 3FN,OTTER WALK,473915.15625,122333.921875,50.99565887451172,-0.9480953216552734,2016-11-02
54344727,10090975267,GU32 3FP,MARSH CLOSE,473976.09375,122472.28125,50.99689483642578,-0.9471988081932068,2016-10-26
54344728,10090975268,GU32 3FP,MARSH CLOSE,473988.46875,122488.203125,50.99703598022461,-0.9470195174217224,2016-10-26
54344729,10090975270,GU32 3FP,MARSH CLOSE,473993.3125,122492.46875,50.997074127197266,-0.9469494819641113,2016-10-26
54344730,10090975271,GU32 3FP,MARSH CLOSE,474009.5,122504.203125,50.99717712402344,-0.9467164874076843,2016-10-26
54344731,10090975272,GU32 3FP,MARSH CLOSE,474009.46875,122504.1015625,50.99717330932617,-0.9467169046401978,2016-10-26
54344732,10090975273,GU32 3FP,MARSH CLOSE,474014.0625,122499.296875,50.99713134765625,-0.9466525912284851,2016-10-26
54344733,10090975274,GU32 3FP,MARSH CLOSE,474048.15625,122512.7109375,50.99724578857422,-0.946164071559906,2016-10-26
54344734,10090975275,GU32 3FP,MARSH CLOSE,474049.90625,122508.1875,50.99720764160156,-0.9461398124694824,2016-10-26
54344735,10090975276,GU32 3FP,MARSH CLOSE,474051.75,122504.3125,50.997169494628906,-0.9461145997047424,2016-10-26
54344736,10090975277,GU32 3FP,MARSH CLOSE,474054.0,122499.703125,50.99713134765625,-0.9460831880569458,2016-10-26
54344737,10090975278,GU32 3FP,MARSH CLOSE,474038.59375,122486.578125,50.997013092041016,-0.9463056921958923,2016-10-26
54344738,10090975279,GU32 3FP,MARSH CLOSE,474032.9375,122482.796875,50.996978759765625,-0.9463866949081421,2016-10-26
54344739,10090975280,GU32 3FP,MARSH CLOSE,474029.03125,122478.7109375,50.996944427490234,-0.946443498134613,2016-10-26
54344740,10090975281,GU32 3FP,MARSH CLOSE,474021.6875,122470.3203125,50.99686813354492,-0.9465494751930237,2016-10-26
54344741,10090975282,GU32 3FP,MARSH CLOSE,474018.09375,122466.3515625,50.99683380126953,-0.9466016292572021,2016-10-26
54416541,10090974242,GU31 4FG,MERRITTS MEADOW,474945.09375,123732.0703125,51.008094787597656,-0.9331334829330444,2015-06-03
54416542,10090974243,GU31 4FG,MERRITTS MEADOW,474959.03125,123720.2109375,51.00798797607422,-0.9329373240470886,2015-06-03
54434121,10094122550,GU32 3DY,CHAPEL STREET,474598.8125,123386.296875,51.00503158569336,-0.9381392002105713,2017-09-11
54434122,10094119710,GU32 3DY,CHAPEL STREET,474616.8125,123385.6328125,51.00502395629883,-0.9378827214241028,2018-04-14
54719244,10094119822,GU31 4FR,WEALD WAY,474589.875,122650.7578125,50.998416900634766,-0.9384176135063171,2018-06-02
54719245,10094119715,GU31 4FR,WEALD WAY,474599.03125,122670.953125,50.998600006103516,-0.9382829070091248,2018-05-30
54719246,10094119542,GU31 4FR,WEALD WAY,474626.625,122711.53125,50.998958587646484,-0.9378812909126282,2018-04-04
54719247,10094119548,GU31 4FR,WEALD WAY,474616.5,122686.3984375,50.99873733520508,-0.9380307793617249,2018-04-05
54719248,10094119906,GU31 4FR,WEALD WAY,474622.4375,122694.5234375,50.998809814453125,-0.9379444718360901,2018-08-14
54719249,10094120539,GU31 4FR,WEALD WAY,474625.0,122699.0,50.99884796142578,-0.9379070997238159,2018-10-22
54719253,10094119818,GU31 4FR,WEALD WAY,474655.5,122759.2421875,50.999385833740234,-0.9374603033065796,2018-07-26
54719254,10094120540,GU31 4FR,WEALD WAY,474636.0,122711.0,50.99895477294922,-0.9377478957176208,2018-10-22
54719255,10094119762,GU31 4FR,WEALD WAY,474643.0,122719.0,50.999027252197266,-0.9376465082168579,2018-11-20
54719256,10094120541,GU31 4FR,WEALD WAY,474646.0,122723.0,50.999061584472656,-0.9376028776168823,2018-10-22
54719257,10094120542,GU31 4FR,WEALD WAY,474649.0,122734.0,50.99916076660156,-0.9375578761100769,2018-10-22
54719258,10094119800,GU31 4FR,WEALD WAY,474676.21875,122790.6796875,50.999664306640625,-0.9371585249900818,2018-07-13
54719259,10094120543,GU31 4FR,WEALD WAY,474658.0,122749.0,50.99929428100586,-0.9374266266822815,2018-10-22
54719260,10094120544,GU31 4FR,WEALD WAY,474662.0,122752.0,50.99932098388672,-0.9373689889907837,2018-10-22
54719261,10094119683,GU31 4FR,WEALD WAY,474676.21875,122790.6796875,50.999664306640625,-0.9371585249900818,2018-05-14
54719262,10094119802,GU31 4FR,WEALD WAY,474679.78125,122795.640625,50.99971008300781,-0.9371069073677063,2018-07-18
54719263,10094119692,GU31 4FR,WEALD WAY,474678.15625,122775.6796875,50.99953079223633,-0.9371340274810791,2018-05-17
54719264,10094119696,GU31 4FR,WEALD WAY,474687.28125,122787.921875,50.999637603759766,-0.9370015859603882,2018-05-21
54719265,10094119455,GU31 4FR,WEALD WAY,474655.6875,122717.6015625,50.9990119934082,-0.9374660849571228,2018-03-08
54719266,10094119582,GU31 4FR,WEALD WAY,474663.625,122728.3203125,50.999107360839844,-0.9373509287834167,2018-04-25
54719268,10094120545,GU31 4FR,WEALD WAY,474508.0,122662.0,50.998531341552734,-0.9395816922187805,2018-10-22
54719269,10094120546,GU31 4FR,WEALD WAY,474508.0,122662.0,50.998531341552734,-0.9395816922187805,2018-10-22
54719270,10094120547,GU31 4FR,WEALD WAY,474508.0,122662.0,50.998531341552734,-0.9395816922187805,2018-10-22
54719271,10094120548,GU31 4FR,WEALD WAY,474508.0,122662.0,50.998531341552734,-0.9395816922187805,2018-10-22
54719272,10094120549,GU31 4FR,WEALD WAY,474508.0,122662.0,50.998531341552734,-0.9395816922187805,2018-10-22
54719273,10094120550,GU31 4FR,WEALD WAY,474508.0,122662.0,50.998531341552734,-0.9395816922187805,2018-10-22
54719275,10094119518,GU31 4FS,GREENSAND WAY,474633.375,122643.328125,50.99834442138672,-0.9377993941307068,2018-02-06
54719276,10094120276,GU31 4FS,GREENSAND WAY,474644.46875,122634.8671875,50.998268127441406,-0.9376428127288818,2018-10-05
54719277,10094120400,GU31 4FS,GREENSAND WAY,474657.6875,122625.609375,50.99818420410156,-0.9374561905860901,2018-10-18
54719278,10094120560,GU31 4FS,GREENSAND WAY,474667.46875,122613.109375,50.998069763183594,-0.9373193979263306,2018-10-22
54719279,10094120561,GU31 4FS,GREENSAND WAY,474675.78125,122606.53125,50.998008728027344,-0.9372023940086365,2018-10-22
54719280,10094120562,GU31 4FS,GREENSAND WAY,474687.28125,122603.03125,50.99797821044922,-0.937039315700531,2018-10-22
54719281,10094120563,GU31 4FS,GREENSAND WAY,474718.28125,122587.453125,50.997833251953125,-0.936600923538208,2018-10-22
54719282,10094120564,GU31 4FS,GREENSAND WAY,474722.71875,122584.8671875,50.99781036376953,-0.9365382194519043,2018-10-22
54719283,10094120565,GU31 4FS,GREENSAND WAY,474734.21875,122577.9921875,50.997745513916016,-0.936375617980957,2018-10-22
54719284,10094120566,GU31 4FS,GREENSAND WAY,474739.71875,122575.0078125,50.997718811035156,-0.9362980127334595,2018-10-22
54719285,10094120551,GU31 4FS,GREENSAND WAY,474652.9375,122655.8984375,50.99845504760742,-0.9375178217887878,2018-10-22
54719286,10094120552,GU31 4FS,GREENSAND WAY,474665.78125,122646.7734375,50.998374938964844,-0.9373369216918945,2018-10-22
54719287,10094120553,GU31 4FS,GREENSAND WAY,474686.8125,122631.5625,50.998233795166016,-0.9370402097702026,2018-10-22
54719288,10094120554,GU31 4FS,GREENSAND WAY,474716.5625,122617.140625,50.99810028076172,-0.936619222164154,2018-10-22
54719289,10094120555,GU31 4FS,GREENSAND WAY,474735.21875,122608.1484375,50.998016357421875,-0.9363551735877991,2018-10-22
54719290,10094120556,GU31 4FS,GREENSAND WAY,474753.34375,122600.8671875,50.997947692871094,-0.9360985159873962,2018-10-22
54719291,10094120557,GU31 4FS,GREENSAND WAY,474776.78125,122591.078125,50.99785614013672,-0.9357668161392212,2018-10-22
54719292,10094120558,GU31 4FS,GREENSAND WAY,474782.96875,122602.9921875,50.997962951660156,-0.9356759190559387,2018-10-22
54719293,10094120559,GU31 4FS,GREENSAND WAY,474772.28125,122627.0625,50.9981803894043,-0.9358235001564026,2018-10-22
54719311,10094119904,GU31 4FT,HARVEST DRIVE,474656.6875,122696.703125,50.99882125854492,-0.9374558925628662,2018-08-13
54719312,10094120567,GU31 4FT,HARVEST DRIVE,474681.1875,122674.203125,50.998619079589844,-0.9371113777160645,2018-10-22
54719313,10094120568,GU31 4FT,HARVEST DRIVE,474678.40625,122668.8984375,50.99856948852539,-0.9371523857116699,2018-10-22
54719314,10094120569,GU31 4FT,HARVEST DRIVE,474676.6875,122664.1015625,50.99852752685547,-0.9371775984764099,2018-10-22
54719315,10094120571,GU31 4FT,HARVEST DRIVE,474664.1875,122710.296875,50.99894332885742,-0.9373462200164795,2018-10-23
54719316,10094120572,GU31 4FT,HARVEST DRIVE,474668.0,122711.0,50.99895095825195,-0.9372919201850891,2018-10-23
54719317,10094120573,GU31 4FT,HARVEST DRIVE,474695.0,122713.0,50.998966217041016,-0.9369068145751953,2018-10-23
54719318,10094120574,GU31 4FT,HARVEST DRIVE,474682.90625,122703.703125,50.99888229370117,-0.9370810985565186,2018-10-23
54719319,10094120575,GU31 4FT,HARVEST DRIVE,474686.8125,122700.1015625,50.99884796142578,-0.93702632188797,2018-10-23
54719320,10094120576,GU31 4FT,HARVEST DRIVE,474690.1875,122696.796875,50.99882125854492,-0.9369785189628601,2018-10-23
54719321,10094120577,GU31 4FT,HARVEST DRIVE,474694.09375,122693.296875,50.99878692626953,-0.9369236826896667,2018-10-23
54719322,10094120578,GU31 4FT,HARVEST DRIVE,474712.0,122709.0,50.99892807006836,-0.936665415763855,2018-10-23
54719323,10094120579,GU31 4FT,HARVEST DRIVE,474716.5,122711.6015625,50.99895095825195,-0.9366008043289185,2018-10-23
54719324,10094120580,GU31 4FT,HARVEST DRIVE,474721.09375,122714.0,50.99897003173828,-0.9365347027778625,2018-10-23
54719325,10094120581,GU31 4FT,HARVEST DRIVE,474736.59375,122680.6015625,50.9986686706543,-0.9363207817077637,2018-10-23
54719326,10094120582,GU31 4FT,HARVEST DRIVE,474733.6875,122685.1015625,50.99871063232422,-0.9363611936569214,2018-10-23
54719327,10094120583,GU31 4FT,HARVEST DRIVE,474732.1875,122689.5,50.998748779296875,-0.9363815784454346,2018-10-23
54719328,10094120584,GU31 4FT,HARVEST DRIVE,474729.40625,122694.8984375,50.99879837036133,-0.9364203810691833,2018-10-23
54719329,10094120585,GU31 4FT,HARVEST DRIVE,474702.90625,122676.703125,50.99863815307617,-0.9368016719818115,2018-10-23
54719330,10094120586,GU31 4FT,HARVEST DRIVE,474700.59375,122671.8984375,50.99859619140625,-0.936835527420044,2018-10-23
54719331,10094120587,GU31 4FT,HARVEST DRIVE,474698.09375,122667.203125,50.99855422973633,-0.936872124671936,2018-10-23
54719332,10094120588,GU31 4FT,HARVEST DRIVE,474696.40625,122662.5,50.998512268066406,-0.9368972778320312,2018-10-23
54719333,10094120589,GU31 4FT,HARVEST DRIVE,474696.5,122647.3984375,50.998374938964844,-0.9368988871574402,2018-10-23
54719334,10094120590,GU31 4FT,HARVEST DRIVE,474693.59375,122643.8984375,50.99834442138672,-0.9369410276412964,2018-10-23
54719335,10094120591,GU31 4FT,HARVEST DRIVE,474690.90625,122639.796875,50.99830627441406,-0.9369803071022034,2018-10-23
54719336,10094120592,GU31 4FT,HARVEST DRIVE,474689.09375,122635.296875,50.998268127441406,-0.9370068907737732,2018-10-23
54719342,10094120593,GU31 4FU,COWSLIP DRIVE,474673.375,122580.796875,50.997779846191406,-0.937242329120636,2018-10-23
54719343,10094120594,GU31 4FU,COWSLIP DRIVE,474668.0625,122567.703125,50.99766159057617,-0.9373204112052917,2018-10-23
54719344,10094120595,GU31 4FU,COWSLIP DRIVE,474704.84375,122595.078125,50.997901916503906,-0.9367907047271729,2018-10-23
54719345,10094120596,GU31 4FU,COWSLIP DRIVE,474693.75,122577.6171875,50.99774932861328,-0.9369525909423828,2018-10-23
54719346,10094120597,GU31 4FU,COWSLIP DRIVE,474685.28125,122562.140625,50.99760818481445,-0.9370763897895813,2018-10-23
54719347,10094120598,GU31 4FU,COWSLIP DRIVE,474689.625,122558.171875,50.99757385253906,-0.9370149970054626,2018-10-23
54719348,10094120599,GU31 4FU,COWSLIP DRIVE,474693.625,122555.0,50.99754333496094,-0.9369590878486633,2018-10-23
54719349,10094120600,GU31 4FU,COWSLIP DRIVE,474697.4375,122551.6875,50.99751281738281,-0.9369052052497864,2018-10-23
54719350,10094120601,GU31 4FU,COWSLIP DRIVE,474719.125,122564.5234375,50.99762725830078,-0.9365934133529663,2018-10-23
54719351,10094120602,GU31 4FU,COWSLIP DRIVE,474706.15625,122543.2265625,50.9974365234375,-0.9367824792861938,2018-10-23
54719352,10094120603,GU31 4FU,COWSLIP DRIVE,474713.4375,122538.0703125,50.99739074707031,-0.9366798996925354,2018-10-23
54719353,10094120604,GU31 4FU,COWSLIP DRIVE,474731.1875,122524.84375,50.99726867675781,-0.9364299774169922,2018-10-23
54719354,10094120605,GU31 4FU,COWSLIP DRIVE,474737.25,122534.1015625,50.997352600097656,-0.9363415241241455,2018-10-23
54719355,10094120606,GU31 4FU,COWSLIP DRIVE,474742.15625,122540.1796875,50.997406005859375,-0.9362704157829285,2018-10-23
54719356,10094120607,GU31 4FU,COWSLIP DRIVE,474751.6875,122551.4296875,50.99750518798828,-0.9361323714256287,2018-10-23
54719357,10094120608,GU31 4FU,COWSLIP DRIVE,474759.21875,122566.3828125,50.99763870239258,-0.9360219240188599,2018-10-23
54719372,10094120616,GU31 4FW,CHALK DOWN,474737.0,122613.0078125,50.99806213378906,-0.9363290071487427,2018-10-23
54719373,10094120617,GU31 4FW,CHALK DOWN,474739.4375,122617.5078125,50.99810028076172,-0.9362931251525879,2018-10-23
54719374,10094120618,GU31 4FW,CHALK DOWN,474742.9375,122625.3828125,50.9981689453125,-0.936241626739502,2018-10-23
54719375,10094120619,GU31 4FW,CHALK DOWN,474751.15625,122634.7734375,50.998252868652344,-0.9361228942871094,2018-10-23
54719376,10094120620,GU31 4FW,CHALK DOWN,474754.34375,122638.2109375,50.99828338623047,-0.9360768795013428,2018-10-23
54719377,10094120621,GU31 4FW,CHALK DOWN,474758.6875,122641.78125,50.99831771850586,-0.9360139966011047,2018-10-23
54719378,10094120609,GU31 4FW,CHALK DOWN,474719.0625,122621.671875,50.99814224243164,-0.936582624912262,2018-10-23
54719379,10094120610,GU31 4FW,CHALK DOWN,474721.59375,122633.25,50.99824523925781,-0.9365444183349609,2018-10-23
54719380,10094120611,GU31 4FW,CHALK DOWN,474723.4375,122638.2109375,50.998287200927734,-0.9365170001983643,2018-10-23
54719381,10094120612,GU31 4FW,CHALK DOWN,474715.03125,122652.296875,50.998416900634766,-0.936633825302124,2018-10-23
54719382,10094120613,GU31 4FW,CHALK DOWN,474730.53125,122656.859375,50.99845504760742,-0.9364122748374939,2018-10-23
54719383,10094120614,GU31 4FW,CHALK DOWN,474734.75,122658.8515625,50.99847412109375,-0.9363515973091125,2018-10-23
54719384,10094120615,GU31 4FW,CHALK DOWN,474746.0,122665.203125,50.99852752685547,-0.936190128326416,2018-10-23
54789921,10094121562,GU32 3LY,GRANGE ROAD,474306.125,122760.9375,50.999446868896484,-0.942438006401062,2019-01-31
54792737,10094119908,GU32 3FQ,STATION ROAD,474834.875,123631.2109375,51.0072021484375,-0.9347246885299683,2018-08-17
54792738,10094119909,GU32 3FQ,STATION ROAD,474848.03125,123631.2890625,51.0072021484375,-0.9345375895500183,2018-08-17
54792739,10094119157,GU32 3FQ,STATION ROAD,474857.3125,123633.140625,51.00721740722656,-0.9344046115875244,2017-09-29
54792757,10094119357,GU32 3FR,CLARENDON CLOSE,474833.3125,123610.5,51.007015228271484,-0.934751570224762,2018-01-24
54792758,10094119347,GU32 3FR,CLARENDON CLOSE,474833.90625,123612.046875,51.00703048706055,-0.9347426295280457,2017-12-16
54792759,10094119779,GU32 3FR,CLARENDON CLOSE,474839.90625,123588.296875,51.00681686401367,-0.9346621036529541,2018-06-28
54792760,10094119781,GU32 3FR,CLARENDON CLOSE,474849.59375,123589.296875,51.0068244934082,-0.9345237016677856,2018-06-28
54921563,10094119549,GU32 3NB,CRANFORD ROAD,473999.5,122859.3984375,51.000370025634766,-0.9467867016792297,2018-04-05
55011362,10094119910,GU32 3FQ,STATION ROAD,474864.1875,123633.8203125,51.00722122192383,-0.9343066811561584,2018-08-17
55034683,10094119523,GU32 3NH,PADDOCK WAY,473849.84375,122649.2421875,50.99850082397461,-0.9489617943763733,2018-03-28
55098675,10094119603,GU32 3HX,ST PETERS ROAD,474734.0,123191.5625,51.00326156616211,-0.936252772808075,2018-03-07
55098677,10094119604,GU32 3HX,ST PETERS ROAD,474733.96875,123191.609375,51.00326156616211,-0.9362530708312988,2018-03-07
55101824,10094119914,GU31 4FX,COLLEGE STREET,474954.125,123376.1484375,51.0048942565918,-0.933077871799469,2018-08-17
55101825,10094119915,GU31 4FX,COLLEGE STREET,474954.125,123376.1484375,51.0048942565918,-0.933077871799469,2018-08-17
55101826,10094119894,GU31 4FX,COLLEGE STREET,474954.125,123376.1484375,51.0048942565918,-0.933077871799469,2018-08-06
55138385,10094119709,GU32 2HJ,TILMORE ROAD,474562.59375,123815.796875,51.00889587402344,-0.9385672211647034,2018-05-29
55174440,10094119711,GU32 3EL,LAVANT STREET,474500.9375,123485.6171875,51.00593566894531,-0.9395133852958679,2018-03-28
55174441,10094119712,GU32 3EL,LAVANT STREET,474507.1875,123490.921875,51.0059814453125,-0.9394233226776123,2018-03-28
55182068,10094120707,GU31 4FY,FARM DRIVE,474611.40625,122449.59375,50.99660873413086,-0.938152015209198,2018-07-04
55182069,10094120708,GU31 4FY,FARM DRIVE,474616.4375,122449.859375,50.99660873413086,-0.9380803108215332,2018-07-04
55182070,10094120709,GU31 4FY,FARM DRIVE,474621.96875,122449.9921875,50.99660873413086,-0.9380012154579163,2018-07-04
55182071,10094120710,GU31 4FY,FARM DRIVE,474626.75,122448.796875,50.99659729003906,-0.9379335045814514,2018-07-04
55182072,10094120711,GU31 4FY,FARM DRIVE,474652.28125,122443.3828125,50.99654769897461,-0.9375708103179932,2018-07-04
55182073,10094120712,GU31 4FY,FARM DRIVE,474673.3125,122440.7265625,50.99652099609375,-0.937271773815155,2018-07-04
55182074,10094120713,GU31 4FY,FARM DRIVE,474696.0,122433.0,50.9964485168457,-0.9369500875473022,2018-07-04
55182075,10094119768,GU31 4FY,FARM DRIVE,474546.96875,122554.703125,50.997562408447266,-0.9390484094619751,2018-06-25
55182076,10094120714,GU31 4FY,FARM DRIVE,474542.6875,122517.7890625,50.997230529785156,-0.9391170740127563,2018-07-04
55182077,10094120715,GU31 4FY,FARM DRIVE,474536.125,122495.296875,50.99702835083008,-0.9392151236534119,2018-07-04
55182078,10094119934,GU31 4FY,FARM DRIVE,474536.65625,122481.5390625,50.99690246582031,-0.9392102956771851,2018-07-04
55182079,10094120716,GU31 4FY,FARM DRIVE,474537.1875,122470.828125,50.99680709838867,-0.9392049908638,2018-07-04
55182080,10094120717,GU31 4FY,FARM DRIVE,474538.625,122465.2734375,50.99675750732422,-0.939185380935669,2018-07-04
55182081,10094119875,GU31 4FY,FARM DRIVE,474539.96875,122453.890625,50.99665451049805,-0.9391689896583557,2018-07-04
55182082,10094120718,GU31 4FY,FARM DRIVE,474539.15625,122433.921875,50.99647521972656,-0.939184308052063,2018-07-04
55182083,10094120719,GU31 4FY,FARM DRIVE,474536.125,122430.078125,50.99644088745117,-0.9392284154891968,2018-07-04
55182084,10094120720,GU31 4FY,FARM DRIVE,474532.40625,122426.640625,50.99641036987305,-0.9392820000648499,2018-07-04
55182085,10094120721,GU31 4FY,FARM DRIVE,474548.03125,122403.8203125,50.9962043762207,-0.9390643239021301,2018-07-04
55182086,10094120722,GU31 4FY,FARM DRIVE,474552.9375,122403.421875,50.99620056152344,-0.9389945268630981,2018-07-04
55182087,10094120723,GU31 4FY,FARM DRIVE,474580.3125,122404.8828125,50.99620819091797,-0.9386041164398193,2018-07-04
55182088,10094120724,GU31 4FY,FARM DRIVE,474580.4375,122409.3828125,50.99625015258789,-0.9386011958122253,2018-07-04
55182089,10094120725,GU31 4FY,FARM DRIVE,474585.75,122407.7890625,50.99623489379883,-0.9385262131690979,2018-07-04
55182090,10094120726,GU31 4FY,FARM DRIVE,474590.5,122408.3203125,50.996238708496094,-0.9384582042694092,2018-07-04
55182091,10094120727,GU31 4FY,FARM DRIVE,474595.25,122408.453125,50.996238708496094,-0.9383903741836548,2018-07-04
55182092,10094120728,GU31 4FY,FARM DRIVE,474605.3125,122410.171875,50.996253967285156,-0.9382467269897461,2018-07-04
55182093,10094120729,GU31 4FY,FARM DRIVE,474609.9375,122411.1015625,50.99626159667969,-0.9381806254386902,2018-07-04
55182094,10094120730,GU31 4FY,FARM DRIVE,474619.34375,122412.8203125,50.99627685546875,-0.938046395778656,2018-07-04
55182095,10094120731,GU31 4FY,FARM DRIVE,474624.625,122414.0078125,50.99628448486328,-0.9379708170890808,2018-07-04
55182096,10094120732,GU31 4FY,FARM DRIVE,474628.875,122415.203125,50.99629592895508,-0.9379103183746338,2018-07-04
55182097,10094120733,GU31 4FY,FARM DRIVE,474634.03125,122416.2578125,50.99630355834961,-0.9378365874290466,2018-07-04
55182098,10094120734,GU31 4FY,FARM DRIVE,474643.40625,122419.296875,50.99633026123047,-0.9377020001411438,2018-07-04
55182099,10094120735,GU31 4FY,FARM DRIVE,474648.59375,122419.296875,50.99633026123047,-0.9376285076141357,2018-07-04
55182100,10094120736,GU31 4FY,FARM DRIVE,474659.6875,122419.5625,50.99633026123047,-0.9374701976776123,2018-07-04
55182101,10094120737,GU31 4FY,FARM DRIVE,474667.75,122414.0078125,50.996280670166016,-0.9373562932014465,2018-07-04
55182102,10094120738,GU31 4FZ,PLOUGH LANE,474464.15625,122482.6015625,50.99692153930664,-0.940243124961853,2018-07-04
55182103,10094120739,GU31 4FZ,PLOUGH LANE,474464.15625,122482.6015625,50.99692153930664,-0.940243124961853,2018-07-04
55182104,10094120740,GU31 4FZ,PLOUGH LANE,474464.15625,122482.6015625,50.99692153930664,-0.940243124961853,2018-07-04
55182105,10094120741,GU31 4FZ,PLOUGH LANE,474464.15625,122482.6015625,50.99692153930664,-0.940243124961853,2018-07-04
55182106,10094120742,GU31 4FZ,PLOUGH LANE,474464.15625,122482.6015625,50.99692153930664,-0.940243124961853,2018-07-04
55182107,10094120743,GU31 4FZ,PLOUGH LANE,474464.15625,122482.6015625,50.99692153930664,-0.940243124961853,2018-07-04
55182108,10094120744,GU31 4FZ,PLOUGH LANE,474468.3125,122495.296875,50.99703598022461,-0.9401814937591553,2018-07-04
55182109,10094120745,GU31 4FZ,PLOUGH LANE,474472.09375,122499.296875,50.9970703125,-0.9401264786720276,2018-07-04
55182110,10094120746,GU31 4FZ,PLOUGH LANE,474475.59375,122503.6015625,50.99711227416992,-0.9400758147239685,2018-07-04
55182111,10094120747,GU31 4FZ,PLOUGH LANE,474484.6875,122508.1015625,50.99715042114258,-0.9399452209472656,2018-07-04
55182112,10094120748,GU31 4FZ,PLOUGH LANE,474488.5,122512.203125,50.99718475341797,-0.9398902058601379,2018-07-04
55182113,10094120057,GU31 4FZ,PLOUGH LANE,474494.8125,122519.296875,50.997249603271484,-0.9397990107536316,2018-07-04
55182114,10094120749,GU31 4FZ,PLOUGH LANE,474504.8125,122530.8984375,50.997352600097656,-0.9396541118621826,2018-07-04
55182115,10094120106,GU31 4FZ,PLOUGH LANE,474507.40625,122534.1015625,50.997379302978516,-0.9396163821220398,2018-07-04
55182116,10094120750,GU31 4FZ,PLOUGH LANE,474512.8125,122541.8984375,50.99745178222656,-0.9395378828048706,2018-07-04
55182117,10094120751,GU31 4FZ,PLOUGH LANE,474515.59375,122545.6015625,50.99748229980469,-0.9394972920417786,2018-07-04
55182118,10094120752,GU31 4FZ,PLOUGH LANE,474519.09375,122549.296875,50.99751663208008,-0.9394466280937195,2018-07-04
55182119,10094120753,GU31 4FZ,PLOUGH LANE,474534.5,122557.3984375,50.99758529663086,-0.9392256140708923,2018-07-04
55182120,10094120754,GU31 4FZ,PLOUGH LANE,474516.5,122443.6015625,50.99656677246094,-0.9395052790641785,2018-07-04
55182121,10094120755,GU31 4FZ,PLOUGH LANE,474512.59375,122447.3984375,50.99660110473633,-0.9395601153373718,2018-07-04
55182122,10094120756,GU31 4FZ,PLOUGH LANE,474506.90625,122455.203125,50.99666976928711,-0.939639687538147,2018-07-04
55182123,10094120757,GU31 4FZ,PLOUGH LANE,474505.8125,122459.5,50.99671173095703,-0.939654529094696,2018-07-04
55182124,10094120758,GU31 4FZ,PLOUGH LANE,474501.1875,122462.1015625,50.996734619140625,-0.9397194981575012,2018-07-04
55182125,10094120759,GU31 4FZ,PLOUGH LANE,474497.59375,122466.1015625,50.996768951416016,-0.939769983291626,2018-07-04
55182126,10094120760,GU31 4FZ,PLOUGH LANE,474489.40625,122470.6015625,50.99681091308594,-0.9398859143257141,2018-07-04
55182127,10094120761,GU31 4FZ,PLOUGH LANE,474485.6875,122473.703125,50.99684143066406,-0.9399380087852478,2018-07-04
55182128,10094120762,GU31 4FZ,PLOUGH LANE,474481.90625,122477.5,50.99687576293945,-0.939991295337677,2018-07-04
55182129,10094120763,GU31 4FZ,PLOUGH LANE,474503.1875,122490.3984375,50.996986389160156,-0.9396852254867554,2018-07-04
55182130,10094120764,GU31 4FZ,PLOUGH LANE,474506.09375,122494.796875,50.99702835083008,-0.9396430253982544,2018-07-04
55182131,10094120765,GU31 4FZ,PLOUGH LANE,474509.5,122499.0,50.997066497802734,-0.9395936727523804,2018-07-04
55182132,10094120766,GU31 4FZ,PLOUGH LANE,474521.1875,122520.3984375,50.997257232666016,-0.939422607421875,2018-07-04
55182133,10094120767,GU31 4FZ,PLOUGH LANE,474526.1875,122519.1015625,50.99724197387695,-0.9393516778945923,2018-07-04
55182134,10094120768,GU31 4FZ,PLOUGH LANE,474531.40625,122518.703125,50.99723815917969,-0.9392775893211365,2018-07-04
55182135,10094120769,GU31 4FZ,PLOUGH LANE,474536.8125,122518.203125,50.99723434448242,-0.9392008185386658,2018-07-04
55182138,10094120770,GU31 4GA,DROVE ROAD,474583.28125,122514.28125,50.9971923828125,-0.9385392069816589,2018-07-04
55182139,10094120771,GU31 4GA,DROVE ROAD,474595.46875,122515.078125,50.997196197509766,-0.9383656978607178,2018-07-04
55182140,10094120772,GU31 4GA,DROVE ROAD,474601.15625,122515.078125,50.997196197509766,-0.9382845759391785,2018-07-04
55182141,10094120773,GU31 4GA,DROVE ROAD,474614.78125,122519.3125,50.99723434448242,-0.9380896091461182,2018-07-04
55182142,10094120774,GU31 4GA,DROVE ROAD,474619.8125,122521.2890625,50.997249603271484,-0.9380176067352295,2018-07-04
55182143,10094120775,GU31 4GA,DROVE ROAD,474630.65625,122532.40625,50.99734878540039,-0.9378607869148254,2018-07-04
55182144,10094120776,GU31 4GA,DROVE ROAD,474639.90625,122544.1796875,50.99745559692383,-0.9377263784408569,2018-07-04
55182145,10094120777,GU31 4GA,DROVE ROAD,474591.5,122445.2890625,50.9965705871582,-0.9384366273880005,2018-07-04
55182146,10094120778,GU31 4GA,DROVE ROAD,474591.09375,122462.4296875,50.996726989746094,-0.9384387135505676,2018-07-04
55182147,10094120779,GU31 4GA,DROVE ROAD,474592.28125,122471.21875,50.996803283691406,-0.9384199976921082,2018-07-04
55182148,10094120780,GU31 4GA,DROVE ROAD,474596.0,122484.90625,50.996925354003906,-0.9383643269538879,2018-07-04
55182149,10094120781,GU31 4GA,DROVE ROAD,474652.75,122519.84375,50.99723434448242,-0.9375485777854919,2018-07-04
55182150,10094120782,GU31 4GA,DROVE ROAD,474659.875,122512.9609375,50.997169494628906,-0.9374480843544006,2018-07-04
55182151,10094120783,GU31 4GA,DROVE ROAD,474664.53125,122510.1796875,50.99714660644531,-0.937382698059082,2018-07-04
55182152,10094120784,GU31 4GA,DROVE ROAD,474669.15625,122505.2890625,50.997100830078125,-0.9373177886009216,2018-07-04
55182153,10094120785,GU31 4GA,DROVE ROAD,474674.6875,122501.1875,50.99706268310547,-0.9372395873069763,2018-07-04
55182154,10094120786,GU31 4GA,DROVE ROAD,474684.875,122488.6171875,50.9969482421875,-0.9370970129966736,2018-07-04
55182155,10094120787,GU31 4GA,DROVE ROAD,474686.75,122483.203125,50.99689865112305,-0.937071681022644,2018-07-04
55182156,10094120788,GU31 4GA,DROVE ROAD,474690.0625,122471.0234375,50.996788024902344,-0.9370269775390625,2018-07-04
55182157,10094120789,GU31 4GA,DROVE ROAD,474697.34375,122456.46875,50.99665832519531,-0.9369263052940369,2018-07-04
55182158,10094120790,GU31 4GA,DROVE ROAD,474697.34375,122443.5078125,50.99654006958008,-0.9369289875030518,2018-07-04
55182160,10094120791,GU31 4GB,DAIRY LANE,474635.40625,122447.53125,50.996585845947266,-0.937810480594635,2018-07-04
55182161,10094120792,GU31 4GB,DAIRY LANE,474627.53125,122468.6328125,50.99677658081055,-0.9379183053970337,2018-07-04
55182162,10094120793,GU31 4GB,DAIRY LANE,474627.0625,122473.9921875,50.996826171875,-0.9379237294197083,2018-07-04
55182163,10094120794,GU31 4GB,DAIRY LANE,474626.75,122486.4921875,50.9969367980957,-0.9379258751869202,2018-07-04
55182164,10094120795,GU31 4GB,DAIRY LANE,474624.75,122491.390625,50.99698257446289,-0.9379531741142273,2018-07-04
55182165,10094120796,GU31 4GB,DAIRY LANE,474640.15625,122499.4609375,50.99705123901367,-0.9377319812774658,2018-07-04
55182166,10094120797,GU31 4GB,DAIRY LANE,474652.1875,122478.890625,50.996864318847656,-0.9375646710395813,2018-07-04
55182167,10094120798,GU31 4GB,DAIRY LANE,474651.875,122473.2578125,50.9968147277832,-0.9375705718994141,2018-07-04
55182168,10094120799,GU31 4GB,DAIRY LANE,474657.875,122464.0,50.99673080444336,-0.9374867081642151,2018-07-04
55182169,10094120800,GU31 4GB,DAIRY LANE,474657.375,122458.6484375,50.996681213378906,-0.9374952912330627,2018-07-04
55182170,10094120801,GU31 4GB,DAIRY LANE,474657.375,122453.8203125,50.996639251708984,-0.9374963045120239,2018-07-04
55274004,10094120698,GU32 3ES,STATION ROAD,474670.6875,123618.1015625,51.00710678100586,-0.9370672106742859,2018-07-31
55276182,10094120893,GU31 4EG,HEATH ROAD,475070.03125,123281.2578125,51.004024505615234,-0.9314458966255188,2018-09-05
55429288,10094121963,GU31 4AE,COLLEGE STREET,474919.96875,123379.859375,51.00493240356445,-0.9335641860961914,2019-05-24
55429289,10094121915,GU31 4AE,COLLEGE STREET,474919.96875,123379.859375,51.00493240356445,-0.9335641860961914,2019-05-10
55429290,10094121964,GU31 4AE,COLLEGE STREET,474919.96875,123379.859375,51.00493240356445,-0.9335641860961914,2019-06-14
55429291,10094121927,GU31 4AE,COLLEGE STREET,474919.96875,123379.859375,51.00493240356445,-0.9335641860961914,2019-06-03
55472940,10094120918,GU32 3DZ,CHAPEL STREET,474573.1875,123481.3984375,51.005889892578125,-0.9384847283363342,2018-11-05
55472941,10094120919,GU32 3DZ,CHAPEL STREET,474573.1875,123481.3984375,51.005889892578125,-0.9384847283363342,2018-11-06
55512008,10094121489,GU32 3DP,CHAPEL STREET,474567.8125,123355.359375,51.004756927490234,-0.938587486743927,2019-01-03
55512009,10094121490,GU32 3DP,CHAPEL STREET,474567.75,123355.359375,51.004756927490234,-0.9385882019996643,2019-01-03
55618063,10090971120,GU31 4JX,SUSSEX ROAD,474773.5625,122969.7265625,51.00126266479492,-0.9357346296310425,2012-11-15
55618064,10094121986,GU31 4JX,SUSSEX ROAD,474776.34375,122972.2578125,51.001285552978516,-0.935694694519043,2019-04-25
55659422,10094122098,GU32 2AA,SANDRINGHAM ROAD,474709.21875,123629.15625,51.007198333740234,-0.9365159869194031,2019-06-13
55659423,10094122099,GU32 2AA,SANDRINGHAM ROAD,474709.21875,123629.15625,51.007198333740234,-0.9365159869194031,2019-06-13
55659424,10094122100,GU32 2AA,SANDRINGHAM ROAD,474709.21875,123629.15625,51.007198333740234,-0.9365159869194031,2019-06-13
55700193,10094121909,GU32 3LX,CRANFORD ROAD,474386.65625,122728.7421875,50.9991455078125,-0.9412968754768372,2019-04-30
55705135,10094121910,GU32 3BP,RUSHES ROAD,474134.375,123525.7578125,51.006343841552734,-0.9447287917137146,2019-05-02
55712504,10094122048,GU31 4YZ,RAMSHILL,475014.71875,123915.828125,51.00973892211914,-0.9321030974388123,2019-05-23
55712505,10094122049,GU31 4YZ,RAMSHILL,475014.0625,123907.203125,51.00965881347656,-0.93211430311203,2019-05-23
55726761,10094122003,GU32 3FT,SWIFT CLOSE,474173.40625,123265.4921875,51.003997802734375,-0.9442260265350342,2019-07-05
55726762,10094122004,GU32 3FT,SWIFT CLOSE,474151.4375,123265.6171875,51.00400161743164,-0.9445388913154602,2019-07-05
55726763,10094122005,GU32 3FT,SWIFT CLOSE,474156.9375,123289.171875,51.004215240478516,-0.9444559216499329,2019-07-05
55726764,10094122006,GU32 3FT,SWIFT CLOSE,474183.375,123296.5078125,51.004276275634766,-0.9440774917602539,2019-07-05
55726765,10094122007,GU32 3FT,SWIFT CLOSE,474177.21875,123286.59375,51.004188537597656,-0.9441670775413513,2019-07-05
56204611,10094119693,GU32 3AQ,DRUM MEAD,474340.53125,123386.90625,51.005069732666016,-0.9418194890022278,2018-05-18
56378682,10094122672,GU31 5RB,SUSSEX ROAD,475654.28125,121736.6796875,50.99006271362305,-0.9234418869018555,2021-01-07
56694870,10096346844,GU31 4GF,DRAGON STREET,474828.59375,123183.9609375,51.00318145751953,-0.9349064826965332,2022-06-17
56694871,10096346845,GU31 4GF,DRAGON STREET,474828.59375,123183.9609375,51.00318145751953,-0.9349064826965332,2022-06-17
56694872,10096346846,GU31 4GF,DRAGON STREET,474828.59375,123183.9609375,51.00318145751953,-0.9349064826965332,2022-06-17
56694873,10096346847,GU31 4GF,DRAGON STREET,474828.59375,123183.9609375,51.00318145751953,-0.9349064826965332,2022-06-17
56694874,10096346849,GU31 4GF,DRAGON STREET,474828.59375,123183.9609375,51.00318145751953,-0.9349064826965332,2022-06-17
56694875,10096346850,GU31 4GF,DRAGON STREET,474828.59375,123183.9609375,51.00318145751953,-0.9349064826965332,2022-06-17
56694876,10096346853,GU31 4GF,DRAGON STREET,474810.0,123181.21875,51.00315856933594,-0.9351720213890076,2022-06-17
56694877,10096346854,GU31 4GF,DRAGON STREET,474810.0,123181.21875,51.00315856933594,-0.9351720213890076,2022-06-17
56694878,10096346855,GU31 4GF,DRAGON STREET,474810.0,123181.21875,51.00315856933594,-0.9351720213890076,2022-06-17
56694879,10096346856,GU31 4GF,DRAGON STREET,474810.0,123181.21875,51.00315856933594,-0.9351720213890076,2022-06-17
56694880,10096346857,GU31 4GF,DRAGON STREET,474810.0,123181.21875,51.00315856933594,-0.9351720213890076,2022-06-17
56694881,10096346858,GU31 4GF,DRAGON STREET,474810.0,123181.21875,51.00315856933594,-0.9351720213890076,2022-06-17
56694882,10096346859,GU31 4GF,DRAGON STREET,474810.0,123181.21875,51.00315856933594,-0.9351720213890076,2022-06-17
